{
  "time": {
    "precision": 1.0,
    "recall": 0.8735632183908046,
    "f1-score": 0.9325153374233129,
    "support": 174,
    "confused_with": {}
  },
  "name": {
    "precision": 1.0,
    "recall": 1.0,
    "f1-score": 1.0,
    "support": 43,
    "confused_with": {}
  },
  "product": {
    "precision": 1.0,
    "recall": 1.0,
    "f1-score": 1.0,
    "support": 2,
    "confused_with": {}
  },
  "product_cat": {
    "precision": 1.0,
    "recall": 1.0,
    "f1-score": 1.0,
    "support": 2,
    "confused_with": {}
  },
  "micro avg": {
    "precision": 1.0,
    "recall": 0.9004524886877828,
    "f1-score": 0.9476190476190477,
    "support": 221
  },
  "macro avg": {
    "precision": 1.0,
    "recall": 0.9683908045977012,
    "f1-score": 0.9831288343558282,
    "support": 221
  },
  "weighted avg": {
    "precision": 1.0,
    "recall": 0.9004524886877828,
    "f1-score": 0.9468672792382645,
    "support": 221
  },
  "accuracy": 0.9852249832102082
}